seed,algorithm,root_value,visited_nodes,visited_leaves,cutoff_events,pruned_child_branches,time_us
0,minimax,42,3280,2187,0,0,8.095500
0,alpha_beta_forward,42,1376,784,253,401,5.194000
0,alpha_beta_reverse,42,609,348,105,175,2.283000
1,minimax,38,3280,2187,0,0,7.938000
1,alpha_beta_forward,38,1034,598,175,275,3.742500
1,alpha_beta_reverse,38,872,499,159,248,3.612000
2,minimax,51,3280,2187,0,0,8.385500
2,alpha_beta_forward,51,770,449,128,194,3.044000
2,alpha_beta_reverse,51,888,505,162,262,3.609500
3,minimax,33,3280,2187,0,0,7.788500
3,alpha_beta_forward,33,1292,737,235,374,4.875000
3,alpha_beta_reverse,33,788,453,138,218,3.186000
4,minimax,50,3280,2187,0,0,9.716000
4,alpha_beta_forward,50,1363,780,246,387,5.023500
4,alpha_beta_reverse,50,656,374,117,191,2.586500
5,minimax,32,3280,2187,0,0,7.887500
5,alpha_beta_forward,32,1041,601,174,280,4.102500
5,alpha_beta_reverse,32,1059,597,207,328,4.430000
6,minimax,36,3280,2187,0,0,7.811500
6,alpha_beta_forward,36,1001,565,188,308,3.733500
6,alpha_beta_reverse,36,794,457,131,218,3.481000
7,minimax,21,3280,2187,0,0,7.845500
7,alpha_beta_forward,21,975,536,205,343,3.601000
7,alpha_beta_reverse,21,1112,637,197,314,4.625500
8,minimax,49,3280,2187,0,0,7.872500
8,alpha_beta_forward,49,833,473,151,248,3.150000
8,alpha_beta_reverse,49,1128,650,188,307,4.581000
9,minimax,48,3280,2187,0,0,7.920000
9,alpha_beta_forward,48,1385,812,215,335,6.959000
9,alpha_beta_reverse,48,739,429,124,192,3.158000
10,minimax,33,3280,2187,0,0,7.997000
10,alpha_beta_forward,33,1018,583,179,288,3.705000
10,alpha_beta_reverse,33,1134,643,217,340,4.752000
11,minimax,28,3280,2187,0,0,8.432000
11,alpha_beta_forward,28,1098,628,199,313,4.546500
11,alpha_beta_reverse,28,880,489,175,294,3.531000
12,minimax,49,3280,2187,0,0,8.046000
12,alpha_beta_forward,49,1230,708,213,337,4.648500
12,alpha_beta_reverse,49,632,359,115,188,2.396000
13,minimax,53,3280,2187,0,0,7.865500
13,alpha_beta_forward,53,866,485,168,278,3.212000
13,alpha_beta_reverse,53,782,446,135,227,3.049000
14,minimax,40,3280,2187,0,0,8.262000
14,alpha_beta_forward,40,1207,708,188,291,5.522500
14,alpha_beta_reverse,40,771,433,147,244,3.220500
15,minimax,39,3280,2187,0,0,7.901500
15,alpha_beta_forward,39,1102,623,203,336,4.131000
15,alpha_beta_reverse,39,1117,629,215,348,4.600000
16,minimax,36,3280,2187,0,0,7.854500
16,alpha_beta_forward,36,853,494,141,225,3.170500
16,alpha_beta_reverse,36,1286,736,224,365,5.318500
17,minimax,37,3280,2187,0,0,7.921000
17,alpha_beta_forward,37,1372,786,239,387,5.359000
17,alpha_beta_reverse,37,547,311,101,162,1.917500
18,minimax,45,3280,2187,0,0,7.883000
18,alpha_beta_forward,45,1257,721,225,352,4.767000
18,alpha_beta_reverse,45,792,453,136,226,3.151500
19,minimax,38,3280,2187,0,0,10.381000
19,alpha_beta_forward,38,1258,720,231,357,4.692500
19,alpha_beta_reverse,38,968,556,174,269,3.920500
20,minimax,47,3280,2187,0,0,7.933500
20,alpha_beta_forward,47,1139,647,209,338,4.504500
20,alpha_beta_reverse,47,1021,593,168,264,4.124000
21,minimax,41,3280,2187,0,0,7.792000
21,alpha_beta_forward,41,1135,639,212,354,4.278500
21,alpha_beta_reverse,41,964,560,162,249,3.934000
22,minimax,49,3280,2187,0,0,7.834000
22,alpha_beta_forward,49,1146,648,215,349,4.304000
22,alpha_beta_reverse,49,669,390,107,169,2.487000
23,minimax,39,3280,2187,0,0,7.834500
23,alpha_beta_forward,39,1161,663,207,334,4.369500
23,alpha_beta_reverse,39,851,490,150,233,3.462000
24,minimax,36,3280,2187,0,0,7.934000
24,alpha_beta_forward,36,717,419,119,178,2.681000
24,alpha_beta_reverse,36,1253,714,226,365,6.566500
25,minimax,33,3280,2187,0,0,8.208500
25,alpha_beta_forward,33,703,395,137,222,2.595000
25,alpha_beta_reverse,33,1242,701,240,382,5.289000
26,minimax,49,3280,2187,0,0,7.857000
26,alpha_beta_forward,49,1129,642,209,333,4.286500
26,alpha_beta_reverse,49,623,362,104,161,2.160500
27,minimax,40,3280,2187,0,0,7.925000
27,alpha_beta_forward,40,896,516,159,245,3.331000
27,alpha_beta_reverse,40,1078,622,190,291,4.396000
28,minimax,40,3280,2187,0,0,7.845000
28,alpha_beta_forward,40,773,454,119,185,2.725000
28,alpha_beta_reverse,40,1029,582,195,313,4.234000
29,minimax,39,3280,2187,0,0,8.192500
29,alpha_beta_forward,39,986,563,179,284,5.471500
29,alpha_beta_reverse,39,1008,587,162,256,4.046500
